{
  "wf1": 0.3750371446685595,
  "kappa": 0.15120249761414783,
  "n_valid": 351,
  "n_total": 355
}