{
  "wf1": 0.6783993098654681,
  "pc_f1": 0.43956043956043955,
  "ca_f1": 0.5045045045045045,
  "dc_f1": 0.4166666666666667,
  "no_f1": 0.8409986859395532,
  "kappa": 0.5137459935816215
}