{
  "wf1": 0.6131203350006391,
  "pc_f1": 0.42105263157894735,
  "ca_f1": 0.24390243902439024,
  "dc_f1": 0.302158273381295,
  "no_f1": 0.8095808383233533,
  "kappa": 0.3785644583539388
}