{
  "wf1": 0.95730825232425,
  "no_f1": 1.0,
  "pc_f1": 0.9180327868852459,
  "ca_f1": 1.0,
  "dc_f1": 0.9387755102040817,
  "kappa": 0.9416802654780028
}