{
  "wf1": 0.9492245075020415,
  "no_f1": 0.9726775956284153,
  "pc_f1": 0.9285714285714286,
  "ca_f1": 0.98,
  "dc_f1": 0.935064935064935,
  "kappa": 0.9193781279351773
}