{
  "wf1": 0.9520103176808782,
  "no_f1": 0.972972972972973,
  "pc_f1": 0.9326424870466321,
  "ca_f1": 0.98989898989899,
  "dc_f1": 0.9356223175965666,
  "kappa": 0.919022371078385
}