,precision,recall,f1-score,support
Normal,0.5208333333333334,0.3787878787878788,0.43859649122807015,66.0
Pre-caries,0.4057971014492754,0.3181818181818182,0.35668789808917195,88.0
Caries,0.7614457831325301,0.8657534246575342,0.8102564102564103,365.0
Decolor,0.4725274725274725,0.41346153846153844,0.441025641025641,104.0
accuracy,0.6613162118780096,0.6613162118780096,0.6613162118780096,0.6613162118780096
macro avg,0.5401509226106529,0.49404616502219245,0.5116416101498233,623.0
weighted avg,0.6374891058005888,0.6613162118780096,0.645178426746639,623.0
