{
  "wf1": 0.957715257059599,
  "no_f1": 1.0,
  "pc_f1": 0.9285714285714286,
  "ca_f1": 0.98,
  "dc_f1": 0.9396551724137931,
  "kappa": 0.9462416852684831
}