{
  "wf1": 0.9324437634625694,
  "no_f1": 0.9347826086956522,
  "pc_f1": 0.9175257731958762,
  "ca_f1": 0.98989898989899,
  "dc_f1": 0.9184549356223176,
  "kappa": 0.8881808729780432
}