{
  "wf1": 0.9408336719826348,
  "no_f1": 0.967032967032967,
  "pc_f1": 0.9183673469387755,
  "ca_f1": 0.98,
  "dc_f1": 0.9224137931034483,
  "kappa": 0.9024386140057656
}