{
  "wf1": 0.5041217067936206,
  "no_f1": 0.5133689839572193,
  "pc_f1": 0.5480769230769231,
  "ca_f1": 0.40476190476190477,
  "dc_f1": 0.5021645021645021,
  "kappa": 0.3126137263345047
}