step,wf1
Image only,0.5041217067936206
+ FG text,0.9408336719826348
+ chalky,0.9380824999538682
+ brown,0.940906042314493
+ defect,0.9577184998933765
+ fill,0.9577184998933765
+ stain,0.957715257059599
+ wear,0.957715257059599
