{
  "wf1": 0.9815648437585391,
  "no_f1": 0.9678571428571429,
  "pc_f1": 0.9608763693270735,
  "ca_f1": 0.9960567823343849,
  "dc_f1": 0.9614906832298137,
  "kappa": 0.9511989947928733
}