{
  "Image only (frozen CLIP)": {
    "wf1": 0.6389455216523753,
    "pc_f1": 0.33783783783783783,
    "ca_f1": 0.8091603053435115,
    "dc_f1": 0.4105263157894737,
    "no_f1": 0.45901639344262296,
    "kappa": 0.3576618430150047
  },
  "Pred FG + Image (CLIP+YOLOv8)": {
    "wf1": 0.6645194382219145,
    "pc_f1": 0.3466666666666667,
    "ca_f1": 0.8299492385786802,
    "dc_f1": 0.4791666666666667,
    "no_f1": 0.46551724137931033,
    "kappa": 0.36539992164463786
  },
  "Pred FG + ADA text + Image": {
    "wf1": 0.36762557302985716,
    "pc_f1": 0.2608695652173913,
    "ca_f1": 0.5190839694656488,
    "dc_f1": 0.017543859649122806,
    "no_f1": 0.224,
    "kappa": 0.07550618895956662
  },
  "Pred FG + LLaVA-1.5 (CLIP+YOLOv8+LLaVA-1.5)": {
    "wf1": 0.6491626347331304,
    "pc_f1": 0.3586206896551724,
    "ca_f1": 0.811704834605598,
    "dc_f1": 0.45685279187817257,
    "no_f1": 0.4406779661016949,
    "kappa": 0.3457400691162642
  }
}