{
  "chalky": {
    "dice": 0.0,
    "biou": 0.0,
    "n": 2
  },
  "brown": {
    "dice": 0.0,
    "biou": 0.0,
    "n": 5
  },
  "defect": {
    "dice": 0.03799634593818199,
    "biou": 0.017804068577829506,
    "n": 24
  },
  "fill": {
    "dice": 0.12015448198490396,
    "biou": 0.011982586581869544,
    "n": 24
  },
  "stain": {
    "dice": 0.06790601691419848,
    "biou": 0.02491950320332934,
    "n": 26
  },
  "wear": {
    "dice": 0.0,
    "biou": 0.0,
    "n": 3
  },
  "mean_dice": 0.03767614080621407,
  "mean_biou": 0.009117693060504731
}